name,rfc,course,area,dpc,duration,expositor,expositor_firma,email
C.P. Mariano Perez,12345678,DECLARACIÓN DE PERSONAS MORALES 2021,FISCAL,6,5,C.P.C CARLOS MARIO MEJÍA CRUZ,CPC_CARLOS_MARIO_MEJIA_CRUZ.png,
Manuelo Vasquez,12345679,ACTUALIZACIÓN FÍSCAL 2021,FISCAL,6,5,L.D C.P. JOSÉ LUIS CASTRO PERALTA,LDCP_JOSE_LUIS_CASTRO_PERALTA.png,
Mariano Gonzales,12345680,BLINDAJE FISCAL,FISCAL,6,5,C.P.C. MARIO ERIC ANAYA ARTEAGA,CPC_MARIO_ERIC_ANAYA_ARTEAGA.png,
Pedro Perez,12345681,BLINDAJE LABORAL,FISCAL,6,5,L.D. ANIBAL LÓPEZ MARTÍNEZ,LD_ANIBAL_LOPEZ_MARTINEZ.png,
Mariano Perez,12345681,CONTRATOS COMO SOPORTE FISCAL-LEGAL,FISCAL,6,5,L.D. ANIBAL LÓPEZ MARTÍNEZ,LD_ANIBAL_LOPEZ_MARTINEZ.png,
Manuelo Vasquez,12345681,DEFENSA FISCAL EDOS-EFOS ANTE PRESUNCIÓN DE OPERACIONES Y MATERIALIDAD DE OPERACIONES,FISCAL,6,5,L.C.P. E.F ARTURO OLVERA MÁRQUEZ,LCP_EF_ARTURO_OLVERA_MARQUEZ.png,
Mariano Gonzales,12345681,IMPUGNACIÓN DE MULTAS SAT-IMSS Y DESBLOQUEO CERTIFICADO SELLO DIGITAL,FISCAL,6,5,L.C.P. E.F ARTURO OLVERA MÁRQUEZ,LCP_EF_ARTURO_OLVERA_MARQUEZ.png,
Pedro Perez,12345681,CFDI: COMPLEMENTO CARTA PORTE,FISCAL,6,5,L.C.P. E.F ARTURO OLVERA MÁRQUEZ,LCP_EF_ARTURO_OLVERA_MARQUEZ.png,
Mariano Perez,12345681,"ICSOE, REPSE Y SISUB 2021",FISCAL,6,5,C.P.C FERNANDO GONZÁLEZ,CPC_FERNANDO_GONZALES.png,
Manuelo Vasquez,12345681,DEFENSA FISCAL Y ATENCIÓN A VISITAS DOMICILIARIAS,FISCAL,6,5,L.C.P. E.F ARTURO OLVERA MÁRQUEZ,LCP_EF_ARTURO_OLVERA_MARQUEZ.png,
Mariano Gonzales,12345681,REFORMAS FISCALES 2022,FISCAL,6,5,C.P.C FERNANDO GONZÁLEZ,CPC_FERNANDO_GONZALES.png,